Titulo,Precio,Popularidad,Duracion,Tema
Free Beginner Electric Guitar Lessons,0,0.88,4.5,Musical Instruments
Pianoforall - Incredible New Way To Learn Piano & Keyboard,200,0.96,30.0,Musical Instruments
Getting Started with Playing Guitar,0,0.68,4.0,Musical Instruments
Complete Guitar System - Beginner to Advanced,145,0.65,34.0,Musical Instruments
Learn Guitar in 21 Days,20,0.41,2.5,Musical Instruments
The Professional Guitar Masterclass,200,0.3,9.5,Musical Instruments
Introduction to Piano - By PGN Piano!,0,0.3,0.6666666667,Musical Instruments
Best Beginner Guitar Lessons by Sam Lyons,20,0.3,2.0,Musical Instruments
Acoustic Guitar Basics,0,0.47,2.0,Musical Instruments
Guitar Super System Level 1,50,0.94,5.0,Musical Instruments
The Complete Piano & Music Theory Beginners Course,50,0.12,1.5,Musical Instruments
"Jazz Guitar Tips, Tricks and Licks",0,0.18,2.0,Musical Instruments
The Total Beginner's Guitar Course,0,0.18,1.5,Musical Instruments
"LEARN HARMONICA, amaze your friends and have fun - it's easy",200,0.43,15.5,Musical Instruments
How To Play Blues Guitar - Broonzy & McGhee Blues Lessons,0,0.52,1.5,Musical Instruments
Acoustic Blues Guitar Lessons,0,0.3,1.0,Musical Instruments
Ultimate Beginner Guitar Masterclass,200,0.18,11.5,Musical Instruments
Quicklessons Piano Course - Learn to Play Piano by Ear!,200,0.15,8.5,Musical Instruments
A new approach to piano and playing songs for beginners,50,0.18,1.5,Musical Instruments
Get started playing blues harmonica,0,0.99,0.6166666667,Musical Instruments
Acoustic Fingerstyle Guitar Course: Beginner to Advanced,200,0.11,4.0,Musical Instruments
PI-101 Top 10 Classical Piano Pieces for Beginners,0,0.96,1.0,Musical Instruments
"How to play 'Electric Guitar"",https://www.udemy.com/electric-guitar-beginners-method/,true,50,1105,5,20,Beginner Level,2 hours,2016-12-29T00:24:06Z
42038,Learn Piano Today: How to Play Piano Course in Quick Lessons""",100,0.14,5.0,Musical Instruments
Virtual Piano Lessons - A New Way To Learn Piano,50,0.14,1.0,Musical Instruments
Guitar Crash Course (No Experience Necessary),0,0.14,1.0,Musical Instruments
"Beginner Violin 101: Care, Maintenance, and the Right Gear",0,0.14,4.0,Musical Instruments
How to play Piano - Go from a Beginner/Intermediate to a Pro,200,0.14,31.0,Musical Instruments
Learn to Read & Write Music to play Piano & more instruments,115,0.14,10.5,Musical Instruments
Play Piano in 30 Days! - Start Playing NOW!,0,0.14,3.0,Musical Instruments
The Complete Piano Course - Master The Piano,95,0.14,23.0,Musical Instruments
Piano Music Theory (Back To Basics) by JFilt,0,0.14,0.5,Musical Instruments
Learn to play your favorite guitar songs by ear,50,0.14,1.5,Musical Instruments
Learn 4 Chords and Play Thousands of Songs!,20,0.14,1.5,Musical Instruments
Play Piano by Ear Today! SuperCourse,60,0.14,5.5,Musical Instruments
"7 Ways A Beginner Guitarist Can Sound Better, Instantly!",0,0.14,0.6,Musical Instruments
5 lecciones que todo guitarrista debe tomar,0,0.14,1.0,Musical Instruments
Guitar Super System Level 2,50,0.14,1.5,Musical Instruments
Guitar Chord Mastery!Turn Your Brain Into A Chord Encyclopia,200,0.14,28.5,Musical Instruments
3 step formula for playing guitar by ear,25,0.14,1.5,Musical Instruments
A beginner`s guide to fingerpicking and strumming guitar',0,0.14,2.0,Musical Instruments
Piano for Singer/Songwriters | Write Songs and Perform Live!,100,0.14,3.0,Musical Instruments
Guitar Lessons - String Bending And Vibrato Essentials,0,0.14,1.0,Musical Instruments
Blues Guitar Fundamentals,50,0.14,1.5,Musical Instruments
Learn to Play Piano From a Concert Pianist - For Beginners,200,0.11,1.0,Musical Instruments
Tenor Banjo for Absolute Beginners,0,0.11,0.6166666667,Musical Instruments
Guitar Kick Start,0,0.11,1.0,Musical Instruments
Modern Rock Guitar Techniques,50,0.11,3.0,Musical Instruments
Fun Ukulele Strumming Course,45,0.11,1.0,Musical Instruments
#1 Piano Hand Coordination: Play 10th Ballad in Eb Key songs,35,0.11,1.5,Musical Instruments
Play Piano Today - Easy Festive Favorites & Piano Party Hits,75,0.11,4.0,Musical Instruments
Fingerstyle Guitar Mastery: 3 Techniques You Need To Know,0,0.11,0.5666666667,Musical Instruments
Guitar - Learn 10 Legendary Chord Progressions for Guitar,55,0.11,1.5,Musical Instruments
The Essentials of Acoustic Guitar Strumming Patterns,0,0.11,1.0,Musical Instruments
Guitar - Blues Guitar for Beginners,45,0.11,1.0,Musical Instruments
Keyboard Instruments - Read Sheet Music for Piano Fast!,50,0.11,1.5,Musical Instruments
The Allman Brothers Guitar Roots And Techniques,75,0.11,1.5,Musical Instruments
How to Play the Guitar: Your 30-Day Guide to Learn Guitar,20,0.11,6.0,Musical Instruments
Guitar Insanity Workout - Eatmystrings!,50,0.11,2.5,Musical Instruments
Blues Master - Beginner's Techniques Piano Course,0,0.11,1.5,Musical Instruments
The 80/20 Guitar: Write Music and Play Guitar in 30 Days,0,0.11,3.5,Musical Instruments
"Beginner's Guitar: Tuning, Strumming, and Chords!",0,0.11,0.6166666667,Musical Instruments
Guitar Lessons: The Essential Beginner & Intermediate Course,0,0.11,2.0,Musical Instruments
"Blues Guitar Lessons for Beginners: Chords, Rhythm and Lead",95,0.11,3.0,Musical Instruments
Get great playing HARMONICA - a fun new leisure time hobby !,35,0.11,2.0,Musical Instruments
How To Make Money With A Cover Band,50,0.11,3.5,Musical Instruments
Piano - Circle of 5ths to Play A Song in 12 Keys in 12 Days,95,0.11,2.5,Musical Instruments
Playing Piano: Scales and Arpeggios Vol.I : Major keys,50,0.11,1.0,Musical Instruments
Just chords Piano: Learn to Play Piano Quickly - No Music,85,0.11,5.0,Musical Instruments
"Learn How to Play Blues, Rock, & Boogie Woogie Piano Today",45,0.12,0.65,Musical Instruments
Essential Theory and Technique for Guitar,0,0.76,2.0,Musical Instruments
Piano Runs & Fills #2: Play Rolling Cascading Runs for Intro,70,0.47,1.0,Musical Instruments
Master Class # 11:  Play Piano Techniques Learn Piano 1 to10,95,0.73,2.0,Musical Instruments
Guitar - 12  Strumming Patterns You Must Know For Guitar,50,0.69,1.0,Musical Instruments
"Learn guitar the Right way! Complete 'KickStarter course""",150,0.96,9.0,Musical Instruments
Beginner Guitar Quick-Start Course,0,0.03,1.0,Musical Instruments
Guitar: Learn 10 CCR Guitar Chord Progressions,50,0.36,2.0,Musical Instruments
Master Class Piano Techniques: Tips To EZ Coordinate 2 Hands,95,0.2,2.5,Musical Instruments
#6 Piano Hand Coordination: Play Open 10 Ballad to 9/4 Song,65,0.35,0.7333333333,Musical Instruments
#7 Piano Hand Coordination: Play Piano Runs in 3 Beats 9/4,65,0.95,1.0,Musical Instruments
Your First Course on Piano,70,0.38,4.0,Musical Instruments
Learn to play the piano or keyboard from scratch,145,0.85,14.0,Musical Instruments
Playing Piano:  Play Chords and Popular Pieces Vol.I,100,0.83,3.0,Musical Instruments
Gitarre spielen wie die Profis,20,0.94,2.0,Musical Instruments
The Best Beginner Guitar Course Ever,50,0.76,1.0,Musical Instruments
Play Ukulele Now,30,0.8,5.0,Musical Instruments
Aprendiendo Piano: Ejercicios de calentamiento,0,0.11,0.55,Musical Instruments
Basic Piano Hymn Playing,20,0.12,1.5,Musical Instruments
Quick & Easy Piano Chords: Play more songs with more chords,55,0.52,2.5,Musical Instruments
Drumming for Beginners - Simple Way To Learn How To Drum,20,0.11,2.0,Musical Instruments
Learn How to Improvise on Guitar in 30 Days,200,0.47,6.0,Musical Instruments
Playing Piano : Reading and Playing Classical Tunes Vol.I,50,0.88,2.0,Musical Instruments
Learn Piano Scales: Play any song in any key! Like Pro's do,50,0.07,2.5,Musical Instruments
Piano Technique Exercises Vol.1,50,0.81,1.0,Musical Instruments
Piano Playing: Reading and Playing Classical Tunes Vol.II,40,0.94,1.5,Musical Instruments
Piano Tutorial : Ludovico Einaudi - Una Mattina,0,0.26,0.7333333333,Musical Instruments
Drums for Beginners,0,0.55,3.0,Musical Instruments
"Learn BASS GUITAR- Have Fun, Amaze Your Friends- It's Easy! ",100,0.96,2.0,Musical Instruments
Drumming Accelerator: How To Get The Best Start Possible,200,0.11,1.5,Musical Instruments
#10 Hand Coordination - Transfer Chord Ballad 9 - C & Bb Key,75,0.47,1.0,Musical Instruments
Learn To Play The Drums Without A Drum Kit,25,0.89,2.0,Musical Instruments
Learn Beethoven's Fur Elise on Piano,20,0.1,0.4833333333,Musical Instruments
Guitar: Learn 12 Must Know Beginner Rock Guitar Riffs,50,0.28,2.0,Musical Instruments
Play Piano 1 Master Class Intro:  Standards 2-5 Power Chords,50,0.89,1.0,Musical Instruments
Discover Classical Guitar Level 1,25,0.88,1.5,Musical Instruments
"Learn To Play The Piano Using Pop, R&B and Gospel Chords",50,0.71,0.6833333333,Musical Instruments
Learn Guitar: Zero to Guitar Fingerpicking in 30 days,50,0.78,2.5,Musical Instruments
Learn Fun Dreamy Piano Techniques #1 -  Play White Christmas,80,0.43,2.0,Musical Instruments
Playing Piano:  Popular Pieces Vol. II,150,0.3,1.5,Musical Instruments
The Professional Bass Masterclass,200,0.68,7.0,Musical Instruments
"Piano: Learn 48 chords in 1 hour,  and always remember how",120,0.48,1.5,Musical Instruments
Fun Beginner Ukulele Course,55,0.69,1.5,Musical Instruments
101 Blues riffs - learn how the harmonica superstars do it,200,0.55,6.5,Musical Instruments
Step by Step Tabla Course- Indian Drums,20,0.4,1.0,Musical Instruments
Teaching Music : Start teaching an instrument successfully.,30,0.55,1.5,Musical Instruments
CAGED Pentatonic System for Guitar - Level 1,45,0.96,1.5,Musical Instruments
Ninja Chord Changes - Master your guitar chord changes,30,0.96,1.5,Musical Instruments
5 Exotic Guitar Scales and How to Use Them Effectively,50,0.15,1.0,Musical Instruments
Accelerate Your Guitar Learning With Metal Techniques,20,0.32,6.5,Musical Instruments
Blues Guitar Lessons - From Texas To Carolina,20,0.99,2.5,Musical Instruments
Learn Fun Dreamy Piano Techniques # 2 - Play Silver Bells,80,0.96,2.0,Musical Instruments
Acoustic Blues Guitar Lessons,125,0.78,12.5,Musical Instruments
The 80/20 Beginner Guitar Course,50,0.88,3.0,Musical Instruments
Piano for Complete Beginners: Learn your first song today!,40,0.75,1.0,Musical Instruments
Play Piano 8 - Play Over the Rainbow by Ear & Free Improvise,50,0.34,1.5,Musical Instruments
Piano Improvisation from Day One,20,0.19,3.0,Musical Instruments
Blues and Advanced Guitar Lessons,85,0.01,7.5,Musical Instruments
Easy to play Christmas Songs for Guitar,100,0.15,0.5,Musical Instruments
Learn Piano #10 Tritone Chord Substitution with Jazzy Sounds,60,0.57,0.6333333333,Musical Instruments
16 Guitar Chords to Jam With - (Beginner - Intermediate),20,0.34,1.0,Musical Instruments
CAGED Pentatonic System for Guitar - Level 3,45,0.72,1.5,Musical Instruments
CAGED Pentatonic System for Guitar - Level 2,45,0.34,1.5,Musical Instruments
Learn to Play Saxophone: Beginner to Pro in Under Four Hours,50,0.55,5.0,Musical Instruments
"Play Piano 2:  Play 'Love Me Tender By Ear with 2-5 Chords""",50,0.78,1.5,Musical Instruments
Guitar: Master The Guitar Fretboard In 6 Easy Steps,55,0.76,1.0,Musical Instruments
How to play Contemporary Piano,25,0.26,0.6,Musical Instruments
World's Fastest Piano Method - The Piano Revolution!,95,0.33,2.0,Musical Instruments
Beginner's Guitar Lessons - Crash Course for Busy Adults,50,0.53,2.0,Musical Instruments
Country Guitar Fundamentals,50,0.68,1.5,Musical Instruments
Learn Jazz Piano Today,50,0.25,3.0,Musical Instruments
Modern Country Guitar: Technique Booster,30,0.35,2.5,Musical Instruments
Learn To Play The Drums,25,0.3,8.5,Musical Instruments
Learn Piano #8:  Use Augmented Chord Sub & Whole Tone Scales,60,0.34,1.0,Musical Instruments
Darbuka Drumming: Learn how to play the Darbuka Dounbek,0,0.2,1.0,Musical Instruments
Play By Ear #4: Play Song By Ear with 3 Chords Using Any Key,95,0.96,2.5,Musical Instruments
Christmas Piano Songs For The Very Beginner Vol. I,40,0.2,1.5,Musical Instruments
Guitar Chord Riot! Learn to Play Guitar Like a Guitar Jedi,75,0.07,0.5,Musical Instruments
Modal Theory for Guitar (Guitar Lessons from Lutz Academy),50,0.07,1.5,Musical Instruments
Classical Guitar Essentials - The Basics Part 2,95,0.47,4.5,Musical Instruments
31 Day Guitar Challenge,40,0.09,3.5,Musical Instruments
Guitar for Beginners - Learn the Basics,20,0.78,0.5166666667,Musical Instruments
Your Second Course on Piano: Two Handed Playing,70,0.84,5.0,Musical Instruments
Play Piano 4: Improvise on popular song Yesterday chords,50,0.14,1.5,Musical Instruments
The Circle of Fifths for Guitarists,50,0.14,1.5,Musical Instruments
Learn Monster GODJ,0,0.44,1.0,Musical Instruments
Learn Piano #7- Learn Chromatic Chords & Chromatic Scale Run,60,0.83,2.0,Musical Instruments
Bluegrass Guitar Essentials: Webisodes 1 & 2,0,0.96,1.0,Musical Instruments
Learn all Piano Chords in all Piano Scales with logic,45,0.29,1.0,Musical Instruments
Learn to Play the Trumpet: Beginner to Pro Made the Easy Way,50,0.96,7.5,Musical Instruments
Fingerpicking Classics - Great songs played fingerstyle!,20,0.15,2.0,Musical Instruments
#5  Piano Hand Coordination:  Piano Runs in 2 Beats Eb Key,75,1.0,0.6166666667,Musical Instruments
Guitar Lessons for complete beginners - super simple and fun,20,0.44,0.6666666667,Musical Instruments
Discover Classical Guitar Level 2,75,0.24,11.5,Musical Instruments
Your First 10 Guitar Lessons - Learn how to play guitar,0,0.72,1.0,Musical Instruments
Ultimate Blues Guitar Beginner Lessons,20,0.17,10.5,Musical Instruments
Instant Bodhran - part one; learn the basics of drumming now,30,0.06,1.0,Musical Instruments
Beginner Step by Step Keharwa Theka Tabla Course,20,0.4,0.6666666667,Musical Instruments
Pentatonic Scale Crash Course for Bass Guitar,0,0.4,1.0,Musical Instruments
Ukelele exprés: aprende a tocar en menos de un mes,0,0.4,1.5,Musical Instruments
Percussive Fingerstyle Guitar,50,0.57,1.5,Musical Instruments
Learn to Play Clarinet: Beginner to Pro in Under Five Hours,50,0.85,6.0,Musical Instruments
Play all major scales by ear - no notation required!,40,0.55,3.5,Musical Instruments
Classical Guitar Essentials - The Basics Part 1,65,0.11,4.5,Musical Instruments
#4 Piano Hand Coordination: Fun Piano Runs in 2 Beats C Key,75,0.39,1.0,Musical Instruments
Instant Harmonica - how to get single notes in 5 easy steps,20,0.37,0.6333333333,Musical Instruments
Piano Runs & Fills #4: C6 Rolling Waves & Waterfall Runs,70,0.63,1.0,Musical Instruments
Play Piano 5: Improvise on Misty Eb Key Runs & 2-5 Chords,50,0.07,1.5,Musical Instruments
Instant Harmonica - Christmas. Play Jingle Bells Part 1 now,20,0.07,0.7,Musical Instruments
Piano From Zero To Pro - Beginner Essentials To The Piano,70,0.07,3.5,Musical Instruments
Play Piano 3: Improvise Chords to Enchanted Evening by Ear,50,0.07,1.5,Musical Instruments
Beginner Piano,20,0.07,4.0,Musical Instruments
Piano Runs & Fills #1: Play Dreamy Whole Tone Scale Runs,70,0.07,1.0,Musical Instruments
Piano Runs & Fills #3:  Jazzy Chromatic Chord Song Endings,70,0.07,1.0,Musical Instruments
Cracking the Violin Code!,120,0.07,5.5,Musical Instruments
Play Guitar and Understand Music Quick & Easy in 28 Days!,20,0.07,9.5,Musical Instruments
Modern Piano Lessons For Beginners,20,0.07,5.0,Musical Instruments
Rock Drumset Grooves: Level 1,20,0.07,2.0,Musical Instruments
Learn to Play the Flute: Beginner to Pro in Under Five Hours,50,0.07,7.0,Musical Instruments
Play Piano 6 -Improvise on The Way We Were with Power Chords,50,0.07,1.5,Musical Instruments
Gospel Piano Essentials,30,0.07,11.5,Musical Instruments
How to Play Piano - Your First Lesson!,0,0.07,0.5166666667,Musical Instruments
Beginner Guitar Lessons by Paul Gronow,50,0.07,3.5,Musical Instruments
Introduction to Ukulele 1,20,0.07,1.0,Musical Instruments
Instant Harmonica - play two Star Wars themes in 30 minutes,20,0.07,0.7,Musical Instruments
Learn the Violin - No Music Experience Necessary!,120,0.07,3.0,Musical Instruments
"Learn to Play Fernando Sor's 'Study in B minor"",https://www.udemy.com/study-in-b-minor/,true,115,1403,5,9,Intermediate Level,43 mins,2014-01-27T20:58:16Z
398746,Piano: The Chord Based System - Learn To Play As The Pros Do""",115,0.07,2.0,Musical Instruments
"Super Beginner Guitar - start right, start awesome",30,0.07,2.0,Musical Instruments
Bossa Nova - Guitar for Beginners,20,0.07,1.0,Musical Instruments
Take your double bass drum technique to the next level,40,0.07,5.5,Musical Instruments
Play Sonny Terry style on Harmonica and dazzle your friends!,200,0.07,5.5,Musical Instruments
Harmonica Jamz: The Only Course on Jammin' with Friends,60,0.07,5.0,Musical Instruments
Piano For Singer/Songwriters 2: Pop/Rock Rhythm Immersion,100,0.07,1.5,Musical Instruments
Play Violin and Fiddle for beginners - it's fun  - Course 1,20,0.07,1.0,Musical Instruments
"Learn to Play Tarrega, Bach, and Sor on Classical Guitar",195,0.07,4.0,Musical Instruments
How to speak Pianish (beginner level),30,0.07,1.0,Musical Instruments
Instant Harmonica - play Scarborough Fair in 8 easy lectures,40,0.07,1.0,Musical Instruments
Music Fundamentals: Learn Beatmaking with Pen Tapping,200,0.07,2.0,Musical Instruments
Strumming from scratch - Rhythm guitar lesson for Beginners,0,0.07,2.0,Musical Instruments
Mike G's Beginner Drum Course: Part 1,35,0.07,3.0,Musical Instruments
The Ultimate Method for Learning Modern Piano & Keyboards,25,0.07,2.5,Musical Instruments
Learn 4 Vital things that will make your DRUM PLAYING EASIER,35,0.07,0.6166666667,Musical Instruments
Learn to Play the Oboe: Beginner to Pro in Under Four Hours,50,0.07,5.0,Musical Instruments
Instant Harmonica - play Amazing Grace with grace and ease!,40,0.07,1.0,Musical Instruments
Piano Building Blocks: Learn the 24 Most Common Chords,50,0.07,1.5,Musical Instruments
Electric Guitar for Beginners - RockStarter Level 1,40,0.07,2.5,Musical Instruments
"Introduction to Guitar 'A Course for Beginners"",https://www.udemy.com/introduction-to-guitar/,true,25,163,11,56,Beginner Level,2.5 hours,2014-10-30T15:59:39Z
650804,Guitar  Master Class Learning How to Play Guitar from A to Z""",40,0.07,4.0,Musical Instruments
#12 Hand Coordination: Let your Hands dance with Ballad 9,75,0.07,1.5,Musical Instruments
Guitarra Desde Cero - PARTE 1,35,0.07,7.0,Musical Instruments
How To Play Guitar - For Absolute Beginners,35,0.07,1.0,Musical Instruments
"Rapidly Learn & Master Acoustic Guitar, Classic Fingerstyle",30,0.07,0.7,Musical Instruments
Play Piano To-day! - Beginner Piano Lessons For Busy People!,100,0.07,4.0,Musical Instruments
Rockabilly Guitar For Beginners,40,0.07,2.0,Musical Instruments
6 Must Know Tricks to Successful Solos,35,0.07,4.0,Musical Instruments
ブルースギター入門,0,0.07,3.5,Musical Instruments
Learn to Play French Horn: Beginner to Pro Made the Easy Way,50,0.07,8.0,Musical Instruments
Instant Harmonica – play Beethoven’s Ode to Joy right now!,20,0.07,1.0,Musical Instruments
Make Your Own Ukulele,85,0.07,4.5,Musical Instruments
Introduction to Gypsy Jazz Guitar,95,0.07,2.5,Musical Instruments
CAGED System for Guitar (Guitar Lessons from Lutz Academy),50,0.07,1.5,Musical Instruments
Play Piano 7: Improvise on For All We Know in F Key by Ear,50,0.07,1.5,Musical Instruments
Play Autumn Leaves' falling notes on piano with no reading!,30,0.07,0.5666666667,Musical Instruments
Instant Harmonica - play Somewhere Over the Rainbow now!,40,0.07,1.0,Musical Instruments
Learn to Play Percussion: Beginner to Pro made the Easy Way!,50,0.07,6.0,Musical Instruments
Instant Harmonica - play the great Irish tune Molly Malone!,20,0.07,1.0,Musical Instruments
"Learn Piano with Beyer, 15 Minutes Challenge",65,0.07,3.0,Musical Instruments
How To Play The Djembe: For Beginners,30,0.07,1.0,Musical Instruments
Learn to Play Harp: Beginners Course,0,0.52,0.6833333333,Musical Instruments
101 Awesome Rockabilly Guitar Licks,40,0.66,2.5,Musical Instruments
Inside Drum Technique,50,0.15,2.0,Musical Instruments
Learn to Play Trombone: Go From Beginner to Pro in No Time!,50,0.66,7.5,Musical Instruments
Instant Harmonica - play the groovy Valens La Bamba now!,20,0.39,0.7333333333,Musical Instruments
"How to play Djembe, Drums & Rhythm. Level 2",40,0.18,2.0,Musical Instruments
Beginners Guide to Playing Guitar - Step-by-step System,85,0.18,10.5,Musical Instruments
Guitar:Play 5 Easy Christmas Chord Progressions On Guitar,50,0.18,1.0,Musical Instruments
Chugging - it don't mean a thing if it ain't got that swing!,200,0.18,2.5,Musical Instruments
Learn basics of South Indian Carnatic Flute Step by Step,150,0.18,4.0,Musical Instruments
"Easy Piano Basics™ - Learn Piano, No Prior Experience Needed",20,0.18,1.5,Musical Instruments
Master the Saxophone: Intermediate Instruction Made Simple!,50,0.18,5.5,Musical Instruments
Piano Building Blocks: Learn Chord Additions & Variations,0,0.18,1.0,Musical Instruments
Learn How to Play the Violin - Violin Basics,20,0.18,0.5333333333,Musical Instruments
"Play The Piano By Ear | Master Class, Learn By Doing",175,0.18,2.5,Musical Instruments
Painless Piano!,40,0.18,3.5,Musical Instruments
"Discover the fun of Spoon playing, a beginners course",65,0.18,1.0,Musical Instruments
Learn to play in the Key of G on any Bluegrass Instrument,0,0.18,2.5,Musical Instruments
Playing Piano By Ear: Complete Guide for Aspiring Musicians,150,0.18,4.5,Musical Instruments
Instant Harmonica - play Amazing Grace + Ode to Joy now!,40,0.18,1.5,Musical Instruments
Aprende batería con el nuevo método IDT,20,0.18,2.0,Musical Instruments
Piano Lessons for Beginners Made Easy,25,0.18,3.0,Musical Instruments
Los 7 Acordes para Tocarlo Todo en un fin de semana,20,0.02,2.0,Musical Instruments
Blues School! A Course For Beginners in Blues Piano & Improv,120,0.02,3.0,Musical Instruments
Have Fun with Beginner Blues Piano,75,0.02,2.5,Musical Instruments
Learn to Play Euphonium: Beginner to Pro in Under Five Hours,50,0.02,7.0,Musical Instruments
Mike G's Beginner Drum Course: Part 2,40,0.02,2.5,Musical Instruments
Slide Guitar- Slide Soloing Essentials,50,0.02,3.0,Musical Instruments
Blues Guitar Lessons - Blues Guitar - Robert Johnson,20,0.02,2.5,Musical Instruments
Instant Harmonica - play the groovy Beatles Yesterday today!,40,0.02,1.0,Musical Instruments
Beginner Guitar Lessons - Your Complete Foundation Course,60,0.02,18.5,Musical Instruments
Master Trumpet Playing: Intermediate Instruction Made Simple,50,0.02,7.0,Musical Instruments
Learn the Violin - Scales and Fundamentals,80,0.02,3.0,Musical Instruments
Master Flute Playing: Intermediate Instruction Made Simple!,50,0.02,6.0,Musical Instruments
Curso de Violão Popular,25,0.02,6.0,Musical Instruments
Instant harmonica - play Adele's wonderful 'Hello' today!,20,0.02,1.0,Musical Instruments
Piano Lessons For The Hip Hop Fan,20,0.02,5.5,Musical Instruments
Guitar Technique Mastery: The Ultimate Chop Building Workout,20,0.02,1.5,Musical Instruments
Getting Started with the Guitar in 5 Days,0,0.02,1.5,Musical Instruments
Back 2 The Basics,50,0.02,3.0,Musical Instruments
Guitar Essentials,20,0.02,1.5,Musical Instruments
Circular Breathing for musicians - practical skills,25,0.02,1.5,Musical Instruments
Guitar Fretboard Mastery for the Blues Guitarist,20,0.02,1.0,Musical Instruments
Spielend Klavier lernen mit Freude und Erfolg,100,0.02,4.0,Musical Instruments
150 Rock Guitar Licks You MUST Know,45,0.02,4.5,Musical Instruments
Beginner Guitar - 38 Easy Lessons You Needs to Get Started,40,0.02,3.0,Musical Instruments
Learn Flute FAST!,45,0.02,4.0,Musical Instruments
Bones of the Blues - learn 4 cool tunes to expert level now!,200,0.02,2.0,Musical Instruments
Curso de piano 101 - Tocando partituras y acordes -,170,0.02,4.5,Musical Instruments
Introduction to Lead Guitar,20,0.02,1.5,Musical Instruments
A Year's Worth of Piano Lessons in One Weekend,20,0.02,6.0,Musical Instruments
Guitar Lessons - Learning The Neck - Fretboard Mastery,45,0.02,6.0,Musical Instruments
Electric Bass Right From The Start,100,0.02,0.6666666667,Musical Instruments
Piano The Hard Way -  Fast Way To Life Long Piano Enjoyment,25,0.02,1.0,Musical Instruments
Fingerpicking Blues Guitar Lessons - Bottleneck Guitar,20,0.02,1.5,Musical Instruments
Instant Harmonica - play Christmas + Birthday songs now!,40,0.02,1.5,Musical Instruments
Master the Clarinet: Intermediate Instruction Made Simple!,50,0.02,7.0,Musical Instruments
Master the Trombone: Intermediate Instruction Made Simple!,50,0.02,9.0,Musical Instruments
Super-Curso de Guitarra Práctico Para Principiantes,85,0.02,10.5,Musical Instruments
Piano Lessons for the R&B Fan,20,0.02,8.0,Musical Instruments
Learn to Play the Tuba: Beginner to Pro in Under Five Hours!,50,0.02,6.0,Musical Instruments
Learn Travis Picking From Scratch,40,0.02,1.5,Musical Instruments
Advanced Saxophone Studies - Learn to Master the Saxophone!,50,0.02,4.0,Musical Instruments
The 7 Day Guitar Method,20,0.02,2.5,Musical Instruments
Aprendiendo piano: Lectura de piezas clásicas Vol.I,50,0.02,1.5,Musical Instruments
Didgeridoo - from zero to HERO! Part Three. Advanced level.,35,0.02,1.5,Musical Instruments
Advanced Flute Studies - Learn to Master the Flute!​,50,0.02,5.0,Musical Instruments
Learn to Play Bassoon: Beginner to Pro in Under Four Hours!,50,0.02,5.0,Musical Instruments
Classical Guitar Finger-Picking: Right Hand Arpeggios,195,0.02,2.0,Musical Instruments
Blues Guitar Lessons - Volume 1 - Blues Shuffle Essentials,45,0.39,2.5,Musical Instruments
Guitar Lessons - Soloing With Arpeggios - Essential Guide,45,0.11,5.0,Musical Instruments
Advanced Bassoon Studies - Learn to Master the Bassoon!​,50,0.8,6.5,Musical Instruments
Play the Jews Harp - instant skills for non musicians.,25,0.96,2.5,Musical Instruments
Walking Bass - Quick Start Guide,50,0.76,1.0,Musical Instruments
How to play in a local Irish music session with confidence,40,0.07,1.0,Musical Instruments
Old-Time Banjo for the Absolute Beginner,25,0.3,1.5,Musical Instruments
Acoustic Blues Guitar Lessons,75,0.04,4.5,Musical Instruments
Curso de ejercicios técnicos al piano Vol.1,60,0.11,1.5,Musical Instruments
Piano Lessons For Beginners: Learn Piano Quickly And Easily,75,0.54,3.0,Musical Instruments
Guitar Fretboard Secrets,55,0.54,2.0,Musical Instruments
"Play Leyenda, Canarios, and Bach on Classical Guitar",195,0.76,7.5,Musical Instruments
Advanced Trumpet Studies - Learn to Master the Trumpet!​,50,0.2,4.0,Musical Instruments
Master the Tuba - Intermediate Instruction Made Simple!,50,0.23,8.5,Musical Instruments
How to Design Your Own Guitar,50,0.8,5.0,Musical Instruments
Acoustic Guitar After The Basics,45,0.69,2.5,Musical Instruments
Bass Guitar Lessons For Beginners,95,0.55,2.5,Musical Instruments
Blues Guitar Lessons - Volume 2 - Slow Blues Essentials,45,0.49,2.0,Musical Instruments
Master the Bassoon - Intermediate Instruction Made Simple!,50,0.11,7.5,Musical Instruments
Advanced Tuba Studies - Become a Master of the Tuba!​,50,0.89,5.0,Musical Instruments
Comment jouer du Pianoforte,100,0.2,3.0,Musical Instruments
Piano With Willie: Blues n' Boogie Vol. 1,40,0.75,2.5,Musical Instruments
"Improvise Puccini´s 'E Lucevan le Stelle on Piano""",20,0.49,2.0,Musical Instruments
Tuba Solos: Learn how to Perform Three Fun and Unique Pieces,50,0.88,2.0,Musical Instruments
Bending the blue notes to give you killer sound on harmonica,35,0.8,2.0,Musical Instruments
"Aprende a tocar el Acordeón 'de oído y con técnica"",https://www.udemy.com/aprende-a-tocar-el-acordeon-de-oido-y-con-tecnica/,true,25,93,21,34,Beginner Level,4 hours,2014-09-16T19:51:45Z
263432,Aprende los Secretos de la Armónica con HARP&SOUL""",75,0.39,2.5,Musical Instruments
"Flute Solos: Learn how to Perform Three Fun, Unique Pieces",50,0.26,3.0,Musical Instruments
Learn Oud 1 (No Prior Music Knowledge Required!),20,0.57,3.5,Musical Instruments
Learn How To Play 25 Classic Hip Hop Songs,25,1.0,2.5,Musical Instruments
Learn Basics of South Indian Carnatic Flute - Level 2,180,0.02,4.5,Musical Instruments
Jazz piano improvisation: The girl form Ipanema. Bossa nova,30,0.02,0.55,Musical Instruments
Advanced Clarinet Studies - Learn to Master the Clarinet!,50,0.94,4.5,Musical Instruments
Sax Solos: Learn how to Perform Three Fun and Unique Pieces!,50,0.3,1.0,Musical Instruments
Swing Low - The 101 Authentic Nashville Piano Style Course,20,0.61,1.0,Musical Instruments
How To Play The Cajon: For Beginners,30,0.38,1.5,Musical Instruments
Easy Piano for Kids - Complete Beginner Piano Course,115,0.61,5.5,Musical Instruments
Beginning Flute Lessons,20,0.34,2.5,Musical Instruments
TAKE NOTE BEGINNER CLARINET!  –  Fun with Fundamental Skills,30,0.66,4.5,Musical Instruments
Flamenco Guitar,25,0.57,4.0,Musical Instruments
Flute Pro Series - You're about to love practicing the flute,50,0.01,6.5,Musical Instruments
Pure Pentatonic Power: Rock and Blues Guitar Soloing,50,0.48,2.0,Musical Instruments
"Instant Harmonica - Basic 12 Bar Blues course, easy and fun!",40,0.84,1.0,Musical Instruments
Instant Harmonica - play the gorgeous Skye Boat Song now!,20,0.15,0.6333333333,Musical Instruments
Aprendiendo Piano: Tocando piezas populares Vol.I,100,0.17,3.5,Musical Instruments
How To Build A Professional Djembe: Create Music Beauty &Biz,40,0.19,1.5,Musical Instruments
Spice up your playing with some easy Flamenco techniques!,40,0.31,0.7333333333,Musical Instruments
"Master the Euphonium with Simple, Intermediate Instruction!",50,0.57,8.0,Musical Instruments
FingerstyleGuitar by Jacques Stotzem - Basic Level,30,0.83,1.5,Musical Instruments
Saxophone Pro Series - You're going to love practicing Sax,50,0.18,5.5,Musical Instruments
Aprende a Tocar Teclado - Piano,35,0.96,3.5,Musical Instruments
Drum Set for Beginners,20,0.2,3.5,Musical Instruments
Beginner Guitar Lessons,20,0.96,1.0,Musical Instruments
Worship Piano: From Beginner to Pro,80,0.12,3.0,Musical Instruments
Guitar: The Next Level,55,0.57,1.0,Musical Instruments
Guitar Lessons - The Modal System - Modes Essentials,45,0.55,2.0,Musical Instruments
Create Beautiful Music On The Piano Like a Pro In Minutes,95,0.9,1.5,Musical Instruments
"Trumpet Solos: Learn how to Perform Three Fun, Unique Pieces",50,0.96,2.5,Musical Instruments
HARP&SOUL  |  Learn the Secrets of the Harmonica,35,0.78,2.0,Musical Instruments
Electric Bass for Busy Beginners Course 1,50,0.55,1.5,Musical Instruments
Aprendiendo piano: Lectura de piezas clásicas Vol.II,40,0.11,1.5,Musical Instruments
Learn Piano: The Basics of Keyboards,20,0.46,1.5,Musical Instruments
"Classical Guitar Master Class: 'Alman  """,195,0.78,2.0,Musical Instruments
Learn to Play Irish Fiddle,60,0.07,5.5,Musical Instruments
Piano With Willie Building Technique with Scales Vol. 1,40,0.77,1.5,Musical Instruments
Enseñando música: mejora tus clases de instrumento,30,0.2,1.5,Musical Instruments
GUITAR #1: Beginner Basics and Beyond,20,0.18,3.0,Musical Instruments
Advanced Euphonium Studies - Learn to Master the Euphonium!​,50,0.11,6.0,Musical Instruments
Guitar Lessons - 50 Essential Fast Legato Licks,35,0.34,3.0,Musical Instruments
Learn Lion (Saroo) Soundtrack On The Piano By Ear,20,0.75,0.5333333333,Musical Instruments
Learn 10 Scottish Tunes Piano Easy Level,45,0.8,3.5,Musical Instruments
Gibson's Learn & Master Guitar,50,0.78,38.0,Musical Instruments
The Piano Chord Ladder | Learn to Play Thousands of Songs,100,0.23,1.0,Musical Instruments
Instant Harmonica - play Leonard Cohen's Hallelujah now!,40,0.45,1.5,Musical Instruments
Learn to improvise on your harmonica - in nice easy steps,35,0.6,2.0,Musical Instruments
Master Oboe Playing: Intermediate Instruction Made Simple!,50,0.34,5.5,Musical Instruments
Learn 3 - All Time A R Rahman Hits on Carnatic Flute!,70,1.0,2.5,Musical Instruments
Blues Guitar Lessons - Volume 3 - Minor Blues Essentials,45,0.22,2.0,Musical Instruments
Play Thousands of Songs On The Guitar | Cheater Chords,100,0.66,1.0,Musical Instruments
Clarinet Pro Series - Fall in love with the Clarinet,50,0.13,6.0,Musical Instruments
Piano With Willie: Blues n' Boogie Vol. 2,40,0.14,2.5,Musical Instruments
Get Piano Skills TODAY!!!,100,0.3,3.5,Musical Instruments
Trumpet Pro Series - You're going to love practicing Trumpet,50,0.89,6.0,Musical Instruments
Learn To Play Trumpet Fast Using The Passive Trumpet Tutor,50,0.94,1.5,Musical Instruments
"Euphonium Solos: Learn to Perform Three Fun, Unique Pieces!",50,0.18,2.5,Musical Instruments
Learn the Violin - Bowing Techniques,80,0.96,0.6666666667,Musical Instruments
Digital Pianist Course-Learn Piano & Keyboard Fast & Easy,150,0.67,3.0,Musical Instruments
French Horn Solos: Learn how to Perform Three Fun Pieces!,50,0.15,3.0,Musical Instruments
Didgeridoo - from zero to HERO! Part One - beginning,35,0.47,3.0,Musical Instruments
Learn Acoustic Guitar for Worship,40,0.56,2.0,Musical Instruments
Improvise On The Piano In 30 Minutes,40,0.89,1.5,Musical Instruments
Aprenda a tocar Pandeiro - Curso Iniciante - Samba/Choro,90,0.19,2.0,Musical Instruments
Aprende escalas y arpegios  Vol. I: Modo mayor,50,0.75,1.5,Musical Instruments
Beginner Guitar Method,200,0.04,4.0,Musical Instruments
Piano With Willie: Blues n' Boogie Vol. 3,40,0.78,2.5,Musical Instruments
The art of piano improvisation,20,0.24,0.6666666667,Musical Instruments
Funk Rhythm Guitar Techniques,35,0.51,1.5,Musical Instruments
Easy Guitar Songwriting And Harmony,20,0.74,3.5,Musical Instruments
Learn Oud 2,20,0.05,3.0,Musical Instruments
Instant Harmonica - play Dylan's Blowing in the Wind today!,20,0.76,1.0,Musical Instruments
Instant Harmonica - play Summertime in 8 fun & easy lessons,40,0.18,1.0,Musical Instruments
Total beginner to intermediate guitar - Learn to play by ear,45,0.03,3.0,Musical Instruments
Pure Rock Guitar : Play Like the Gods of Rock!,45,0.55,4.5,Musical Instruments
Killer Harmonica sounds using the tongue and bending notes,35,0.94,2.0,Musical Instruments
How to play easy tunes on the harmonica - just the basics,35,0.8,1.5,Musical Instruments
Slap Bass For Beginners,50,0.94,1.5,Musical Instruments
Blues Accelerator - 21 Days to Blues Guitar Mastery,50,0.3,7.0,Musical Instruments
How to Sing and Play the Guitar (at the same time),20,0.11,1.5,Musical Instruments
Mastering the Art of Guitar Chords,20,0.11,1.5,Musical Instruments
Fingerstyle Guitar by Jacques Stotzem - Advanced Level,30,0.11,2.0,Musical Instruments
Piano With Willie: Basics of Improvisation,40,0.11,3.5,Musical Instruments
Learn To Play Guitar Complete Beginners Quick Start,20,0.11,1.0,Musical Instruments
Fingerpicking Fundamentals,20,0.11,1.5,Musical Instruments
Add Slide To Your Guitar Playing,20,0.11,0.7333333333,Musical Instruments
Guitar Lessons - Sweep Picking Arpeggio Essentials,35,0.11,1.5,Musical Instruments
Learn to play tunes by ear on harmonica - no written music,35,0.11,2.0,Musical Instruments
Cajon Step-by-Step: Beginner > Intermediate > Advanced,35,0.11,3.0,Musical Instruments
Play tunes on harmonica and learn how to bend some notes,35,0.11,2.0,Musical Instruments
Aprendiendo Piano: Tocando piezas populares Vol.II,100,0.11,1.5,Musical Instruments
Starting to play the blues on your harmonica in easy steps,35,0.11,2.0,Musical Instruments
Tenor Banjo,40,0.11,1.0,Musical Instruments
Drum Lessons For Beginners,50,0.11,1.5,Musical Instruments
こどもギターレッスン　リトルギタリストⅠ,20,0.11,3.0,Musical Instruments
Master the French Horn: Intermediate Instruction Made Simple,50,0.11,7.5,Musical Instruments
World Percussion: Complete Lessons for Everyone,40,0.11,4.0,Musical Instruments
Piano With A Pro,25,0.11,2.5,Musical Instruments
Learn to play guitar and sing at the same time,45,0.11,1.0,Musical Instruments
Beginner Guitar Lessons: Learn To Play Guitar Today (WAVE 1),45,0.11,10.0,Musical Instruments
Mundharmonika spielen - mein schönstes Hobby,20,0.11,2.5,Musical Instruments
Guitar Lessons - Blind Blake - King Of Ragtime Blues Guitar,20,0.11,4.0,Musical Instruments
Guitar Looper Basic Training,45,0.11,1.5,Musical Instruments
Learn to play the Bouzouki - Greek Bouzouki Lessons,50,0.11,1.0,Musical Instruments
Curso de ejercicios técnicos al piano Vol.2,50,0.11,1.0,Musical Instruments
Instant Harmonica - play The Lion Sleeps Tonight - today!,20,0.11,1.0,Musical Instruments
Aprende escalas y arpegios Vol.2 : Modo menor,50,0.11,2.5,Musical Instruments
What you can learn before Piano Lessons,0,0.11,1.5,Musical Instruments
Piano Lessons for Beginners: Play the Piano AND Read Music!,70,0.11,4.0,Musical Instruments
Oboe Pro Series - You're going to love practicing the Oboe,50,0.07,7.0,Musical Instruments
Piano With Willie Building Technique with Scales Vol. 2,40,0.07,1.5,Musical Instruments
Awesome Lead Guitar 1,25,0.07,4.5,Musical Instruments
Piano Lesson Variety,40,0.07,4.0,Musical Instruments
Blues Guitar Lessons - Ragtime Blues Guitar,20,0.07,2.0,Musical Instruments
Violin lessons for beginners,20,0.07,1.0,Musical Instruments
Blues Bass - Quick Start Guide,50,0.07,1.5,Musical Instruments
Instant Harmonica - Christmas; play Jingle Bells part 2 now!,20,0.07,0.7333333333,Musical Instruments
Blues Guitar Lessons: Play Like the Greats - All Levels,20,0.07,2.5,Musical Instruments
Instant Harmonica - play The Kesh (pt 1) it's easy and fun!,40,0.07,0.5833333333,Musical Instruments
"Learn Guitar The Easy Way, It's Faster",25,0.07,4.5,Musical Instruments
Aprende a tocar Guitarra RAPIDO y FACIL con Guitarsimple,40,0.07,4.0,Musical Instruments
Guitar Lesson - Five Steps to Learn Barre Chords,35,0.07,0.55,Musical Instruments
Ultimate Beginner Guitar Guide - Both Acoustic & Electric,45,0.07,2.0,Musical Instruments
Trombone Pro Series - Fall in love with the Trombone,50,0.07,7.0,Musical Instruments
Ukulele Lessons For Beginners - Fast Track Your Learning,20,0.07,1.0,Musical Instruments
Piano With Willie: Jazz & Gospel Exercises,40,0.07,2.0,Musical Instruments
Strumming the Guitar - 5 Lessons on Strum Patterns,20,0.07,0.6333333333,Musical Instruments
Didgeridoo - from zero to HERO! Part Two. Intermediate.,35,0.07,2.0,Musical Instruments
Instant Harmonica - play the groovy Irish Washerwoman now!,40,0.07,1.0,Musical Instruments
Instant Harmonica - Learning the Basic 12 Bar Blues Bassline,40,0.07,1.0,Musical Instruments
Hands On Guitar: Beyond Beginner,20,0.07,3.0,Musical Instruments
Classical Guitar Technique: 80/20,175,0.07,2.5,Musical Instruments
Instant Harmonica - play The Kesh (part 2) - easy and fun!,20,0.07,0.5833333333,Musical Instruments
Curso de Guitarra para Principiantes,20,0.07,3.0,Musical Instruments
Pure Modal Magic: The Complete Guitar Modes Solution,50,0.07,2.0,Musical Instruments
Alto Saxophone Lessons For Beginners,95,0.07,3.0,Musical Instruments
Piano With Willie: Piano Chords Vol. 1,40,0.07,2.0,Musical Instruments
Horn Pro Series - You're going to love playing French Horn,50,0.07,8.0,Musical Instruments
Advanced Oboe Studies - Become a Master Oboist!​,50,0.75,4.0,Musical Instruments
Pop and Jazz Keyboards and Harmony (beginner level),180,0.11,3.0,Musical Instruments
Advanced Horn Studies - Learn to Master the French Horn!​,50,0.34,7.0,Musical Instruments
Guitar for Absolute Beginners (Class 1),20,0.99,1.5,Musical Instruments
Tenor Saxophone Lessons For Beginners,95,0.89,3.0,Musical Instruments
Guitar Lessons - Economy Picking Essentials,35,0.11,1.5,Musical Instruments
Euphonium Pro Series - Fall in love with the Euphonium,50,0.07,7.5,Musical Instruments
Walking Bass Fundamentals,50,0.96,2.0,Musical Instruments
Rhythm to Rock Drum Lessons,20,0.8,1.0,Musical Instruments
Piano With Willie Building Technique with Scales Vol. 4,40,0.94,1.5,Musical Instruments
Instant Harmonica - play this classic 8 bar blues tune!,40,0.46,1.0,Musical Instruments
Piano for Kids: Developing Your Child's Creative Abilities,65,0.96,4.0,Musical Instruments
Piano With Willie Building Technique with Scales Vol. 3,40,0.88,1.5,Musical Instruments
Explosão Pentatônica,55,0.44,1.5,Musical Instruments
Leve a sua técnica de pedal duplo para um novo patamar,40,0.3,5.5,Musical Instruments
Instant Harmonica - play the cool tune Dirty Old Town now!,40,0.61,1.5,Musical Instruments
Instant Harmonica - play the Irish tune Whiskey in the Jar!,20,0.8,1.0,Musical Instruments
見てわかる！やさしく独習アコギ（入門編）TAKA先生のアコースティックギターレッスンⅠ,20,0.11,2.0,Musical Instruments
Guitar Lessons - Two Handed Tapping Essentials,35,0.44,1.5,Musical Instruments
"Oboe Solos: Learn to Perform Three Fun, Unique Pieces!",50,0.88,2.0,Musical Instruments
Guitar - Rock - Beginner with Marc Seal,20,0.74,1.0,Musical Instruments
Advanced Trombone Studies - Learn to Master the Trombone!,50,0.11,8.0,Musical Instruments
Aprende el acordeón de oído y con técnica –Nivel Intermedio–,25,0.11,4.5,Musical Instruments
Sintetizadores e Síntese Subtrativa,85,0.11,5.0,Musical Instruments
Piano With Willie: Tritones & Phat Chords,40,0.11,2.0,Musical Instruments
You Can Play Jazz Saxophone,20,0.11,1.5,Musical Instruments
Brass Master Class,20,0.11,2.0,Musical Instruments
Bassoon Pro Series - You're going to love practicing Bassoon,50,0.11,6.5,Musical Instruments
"Learn to Play 'Let It Snow on Piano""",40,0.11,1.0,Musical Instruments
Guitar - Rock - Beginner/Intermediate with Marc Seal,20,0.11,1.5,Musical Instruments
Fingerpicking for Guitar,20,0.11,3.0,Musical Instruments
Instant Harmonica - play Star Wars + the Lion Sleeps now!,40,0.11,1.5,Musical Instruments
Instant Harmonica - play Yesterday + Scarborough Fair today!,40,0.11,2.0,Musical Instruments
"Piano Unbound. Piano learning method, a course for beginners",195,0.11,2.5,Musical Instruments
Guitar for Music Educators: Learning How to Teach Guitar,20,0.11,1.5,Musical Instruments
Instant Harmonica - play 'Can't Help Falling in Love' now!,40,0.11,1.0,Musical Instruments
Piano With Willie: Piano Chords Vol. 2,40,0.11,1.5,Musical Instruments
Play Guitar with Rhythm - 5 Easy Lessons,20,0.11,1.0,Musical Instruments
Instant Harmonica - play 12 bar blues Big Walter style now!,40,0.11,1.0,Musical Instruments
Bagpipe Instruction For Beginners,30,0.11,1.0,Musical Instruments
Instant Harmonica - play When the Saints on harmonica now!,20,0.11,1.0,Musical Instruments
30 Day Guitar Jump Start for Success,105,0.11,4.0,Musical Instruments
"Music Theory, Guitar and Ear Training",60,0.11,3.0,Musical Instruments
Jazz Guitar Reharmonization for Autumn Leaves,20,0.11,0.6166666667,Musical Instruments
A Guide to Analog Synths: For the modern EDM enthusiast.,20,0.11,3.5,Musical Instruments
Play music on Harmonica using 8 notes - learn easy tunes!,35,0.15,1.0,Musical Instruments
Instant Harmonica - play Over the Rainbow + Skye Boat now!,40,0.15,1.5,Musical Instruments
Instant harmonica - play Auld Lang Syne the neet (tonight)!,40,0.15,1.0,Musical Instruments
Hands-On Guitar: The Beginner's Guide,20,0.15,4.0,Musical Instruments
Instant Bodhran - part two; learning further drumming skills,40,0.15,1.0,Musical Instruments
Instant Harmonica - play Dylan's Like a Rolling Stone now!,40,0.15,1.5,Musical Instruments
Piano With Willie: Jazz Kids - Vol 1,40,0.15,4.5,Musical Instruments
Instant Harmonica - play the Drunken Sailor sea shanty now!,20,0.15,0.6166666667,Musical Instruments
Jews Harp - Advanced course,30,0.15,3.5,Musical Instruments
Ukulele 2 : Level 1 KEY OF C AND STRUMS,20,0.15,1.0,Musical Instruments
Practice guitar with no previous experience and become a pro,30,0.15,1.0,Musical Instruments
Arpeggios for Guitar made Easy! Dominate the Fretboard,65,0.15,3.0,Musical Instruments
Instant Harmonica - play Summertime + Drunken Sailor now!,40,0.15,1.5,Musical Instruments
Coach Guitar - Apprendre la GUITARE facile avec des COULEURS,50,0.15,3.5,Musical Instruments
Instant Harmonica - play jazzy Autumn Leaves now (part one),20,0.15,0.65,Musical Instruments
ABC DO VIOLÃO E GUITARRA,85,0.15,2.5,Musical Instruments
The Fun and Effective Piano Course,30,0.15,3.5,Musical Instruments
How to Play Dan Fogelberg Songs on Guitar,25,0.15,4.5,Musical Instruments
Aprende a tocar el acordeón de botones,50,0.15,3.5,Musical Instruments
Castañuelas por Sevillanas - Curso del toque de castañuelas,40,0.15,0.7166666667,Musical Instruments
Instant Harmonica - play the old Popeye Spinach song now !,20,0.15,0.6,Musical Instruments
Instant Harmonica - play this classic GAME OF THRONES theme!,40,0.66,1.0,Musical Instruments
Sistema Completo De Guitarra Rítmica Para Principiantes,55,0.11,6.0,Musical Instruments
Instant Harmonica - play Whiskey in the Jar + Molly Malone!,40,0.07,2.0,Musical Instruments
Learn the Viola - Scales and Fundamentals,80,0.09,2.5,Musical Instruments
The Easy Beginner Drum Course,25,0.88,0.5,Musical Instruments
Rhythm to Rock Drum Lessons 2,20,0.6,1.0,Musical Instruments
Sevillanas con Castañuelas - Baile y toque al mismo tiempo,40,0.48,1.5,Musical Instruments
Aprende a tocar el acordeón de botones,50,0.57,2.0,Musical Instruments
Building Up To Barre Chords,20,0.48,0.7166666667,Musical Instruments
Learning Electric Guitar for Absolute Beginners,35,0.34,1.5,Musical Instruments
Instant Harmonica - play jazzy Autumn Leaves now (part two),20,0.32,0.5333333333,Musical Instruments
Piano With Willie: Jazz Kids - Vol 4,40,0.66,3.5,Musical Instruments
Quick Piano Lessons - Tutorials for Drake's Greatest Hits,35,0.66,0.55,Musical Instruments
Alternate Picking Speed & Accuracy,20,0.83,3.5,Musical Instruments
Learn Piano Online-Keys to the Keyboard,50,0.34,2.0,Musical Instruments
Présentation du Banjo Ténor,20,0.3,1.5,Musical Instruments
Aprende a tocar el violín desde cero,50,0.25,2.5,Musical Instruments
Trumpet Lessons For Beginners,95,0.58,2.5,Musical Instruments
Keyboard Basics,25,0.37,2.0,Musical Instruments
Piano With Willie: Jazz Kids - Vol 2,40,0.13,3.0,Musical Instruments
The Theory & Practice of Modes on the Guitar,35,0.74,1.5,Musical Instruments
Guitar Lessons : Rock Guitar in 1 Day!,50,0.47,1.5,Musical Instruments
Aprende a tocar Música Cristiana en el piano y teclado,20,0.97,1.0,Musical Instruments
Instant harmonica - enjoy playing Silent Night tonight!,40,0.89,0.6333333333,Musical Instruments
Piano With Willie: Jazz Kids - Vol 3,40,0.16,3.0,Musical Instruments
Instant Harmonica - play 'I just called to say I love you',40,0.16,1.0,Musical Instruments
"Bluegrass Guitar Essentials: Webisodes 13, 14, & 15",30,0.16,1.5,Musical Instruments
Drum Lessons For Beginners,95,0.16,2.5,Musical Instruments
Guitar 201: Breakthroughs,20,0.16,2.5,Musical Instruments
"Aprende a tocar percusiones: congas, bongós, maracas y más",50,0.16,3.5,Musical Instruments
Practical Guitar Theory: Level 1,60,0.16,1.5,Musical Instruments
Aprende todos los secretos de la guitarra flamenca,50,0.16,3.5,Musical Instruments
Back In Black the AC/DC Classic Rock Track,20,0.16,2.0,Musical Instruments
Make Electronic Music with the iPad,20,0.16,1.5,Musical Instruments
Rhythm to Rock Drum Lesson 5,20,0.16,1.0,Musical Instruments
Instant Harmonica - play Blowing in the Wind + Popeye theme!,40,0.16,1.5,Musical Instruments
Rhythm to Rock Drum Lesson 4,20,0.16,1.5,Musical Instruments
Guitar Solo - Theory and Improvisation Lessons,60,0.16,1.5,Musical Instruments
Rhythm to Rock Drum Lesson 6,20,0.16,1.5,Musical Instruments
Bluegrass Guitar Essentials: Webisodes 3 & 4,30,0.16,2.0,Musical Instruments
Mantenimiento y octavación para guitarras eléctricas,35,0.16,1.0,Musical Instruments
Ukulele lernen für Papas mit Bruder Jakob,55,0.06,1.0,Musical Instruments
Coach Guitar - Amazing New Way To Learn Guitar With Colors,50,0.06,3.5,Musical Instruments
Rhythm to Rock Drum Lessons 3,20,0.06,1.0,Musical Instruments
Bluegrass Guitar Essentials: Webisodes 5 & 6,30,0.06,3.0,Musical Instruments
Trombone Lessons For Beginners,95,0.06,3.0,Musical Instruments
Clarinet Lessons For Beginners,95,0.06,3.0,Musical Instruments
Gitarre spielen - mein schönstes Hobby,20,0.06,2.0,Musical Instruments
Tin Whistle Básico,20,0.06,1.5,Musical Instruments
Easy Piano - learn and play along,20,0.06,1.0,Musical Instruments
Aprende a tocar la guitarra acústica como un profesional,50,0.06,3.0,Musical Instruments
Escalas Pentatónicas para guitarristas,25,0.06,0.6,Musical Instruments
Aprende a tocar el teclado como los expertos,50,0.06,2.5,Musical Instruments
Pedais de efeito para Contrabaixo,50,0.06,2.5,Musical Instruments
Complete Beginners Introduction to Guitar,40,0.06,1.5,Musical Instruments
Bluegrass Guitar Essentials: Webisodes 9 & 10,30,0.06,2.0,Musical Instruments
Aprender a tocar la batería sin salir de casa,50,0.06,4.0,Musical Instruments
Aprende a tocar ritmo pop en el piano y teclado,20,0.06,0.7166666667,Musical Instruments
Greensleeves' Creative Piano Lessons Course,20,0.06,2.0,Musical Instruments
Acoustic Guitar Lessons For Beginners,95,0.06,3.0,Musical Instruments
Aprende cómo tocar el Bajo Sexto,50,0.06,3.0,Musical Instruments
Aprende a tocar blues en el piano y teclado,50,0.06,2.5,Musical Instruments
Aprende diferentes ritmos con la guitarra rítmica,20,0.24,1.0,Musical Instruments
Aprende a tocar el bajo eléctrico,50,0.76,3.5,Musical Instruments
Bluegrass Guitar Essentials: Webisodes 11 & 12,30,0.18,2.0,Musical Instruments
Bluegrass Guitar Essentials: Webisodes 7 & 8,30,0.81,2.0,Musical Instruments
Step by Step Classical Guitar Course,100,0.2,4.5,Musical Instruments
Traditional-Style Electric Blues Guitar For Beginners,25,0.34,3.0,Musical Instruments
Guitar Strumming 101 - Have More Fun Playing Songs You Love,50,0.06,1.0,Musical Instruments
Instant Harmonica - play the Irish anthem Danny Boy today!,40,0.94,1.0,Musical Instruments
Piano Lessons For Beginners,95,0.15,4.0,Musical Instruments
Beginner Acoustic Guitar Lessons,25,0.96,1.0,Musical Instruments
Aprende a tocar el saxofón como siempre has querido,20,0.06,3.5,Musical Instruments
Learn Piano Online-Ambiance Piano Solo,50,0.29,1.0,Musical Instruments
Poldark TV series Soundtracks for Piano-Quicklessons,20,0.0,1.0,Musical Instruments
The Art of the Blues Shuffle - A Guitarist's Guide,20,0.0,1.5,Musical Instruments
Beginner Level Popular Piano Program - Month 1,30,0.0,1.0,Musical Instruments
Guitarra para principiantes,20,0.0,2.0,Musical Instruments
Aprende a tocar ritmos latinos en el teclado,50,0.0,3.5,Musical Instruments
Aprende todos los secretos de la salsa para piano,50,0.0,3.0,Musical Instruments
Blues Master - Advanced Techniques Piano Course,75,0.0,1.0,Musical Instruments
Aprende a tocar la guitarra,50,0.0,1.5,Musical Instruments
Learn How To Play 25 Classic Hip Hop Songs Ch.2,25,0.0,3.5,Musical Instruments
Learn Piano Online-A Quiet Solace Piano Solo,50,0.0,1.0,Musical Instruments
Guitar for Christmas!,20,0.0,0.5333333333,Musical Instruments
Aprende a tocar flauta transversal sin complicaciones,50,0.34,3.0,Musical Instruments
Aprende a tocar la trompeta,50,0.96,3.0,Musical Instruments
Aprende a tocar Jazz y Ritmos Latinos en la guitarra,50,0.2,3.0,Musical Instruments
Getting Started with Power Chords,20,0.88,1.0,Musical Instruments
Major Scales and Modes for Chromatic Harmonica,20,0.47,1.5,Musical Instruments
Beginner Guitar Essentials,95,0.34,4.5,Musical Instruments
Curso de Bateria - Explorando Diferentes Divisões,55,0.89,2.0,Musical Instruments
Aprende a tocar los mejores solos en la guitarra eléctrica,30,0.34,2.0,Musical Instruments
How To Play Guitar - Everything You Need To Know To Start,50,0.6,1.0,Musical Instruments
Curso de Violão Prático,70,0.91,1.5,Musical Instruments
Aprende a tocar la flauta dulce de forma sencilla y gradual,50,0.35,3.0,Musical Instruments
【すぐに覚える！】ASALATO-アサラト(打楽器)初心者向け入門講座,20,0.76,0.5833333333,Musical Instruments
Guitar Fundamentals for Beginners,25,0.8,2.0,Musical Instruments
Curso de batería online de Patricio Iglesias (Santa Sabina),35,0.79,4.0,Musical Instruments
"Aprende a tocar jazz, salsa y blues en el piano",20,0.31,3.0,Musical Instruments
Aprende a tocar el piano desde cero,50,0.44,4.0,Musical Instruments
Violin for Beginners,50,0.93,0.7333333333,Musical Instruments
Learn to play and improve 12 bar blues harmonica solos,40,0.11,1.0,Musical Instruments
Blues Master - Professional Techniques Piano Course,75,0.3,1.0,Musical Instruments
Drumming 101: The Essential Elements,50,0.74,1.5,Musical Instruments
Ahora aprende a tocar jazz en el piano,30,0.88,1.5,Musical Instruments
Curso de guitarra para principiantes.,20,0.92,1.0,Musical Instruments
Aprende a tocar el clarinete.,50,1.0,3.0,Musical Instruments
Aprende a tocar la guitarra eléctrica,50,0.8,5.5,Musical Instruments
Aprende a tocar el contrabajo sin complicaciones,50,0.62,3.0,Musical Instruments
Saxophone Essentials: Beginners Course,40,0.34,1.5,Musical Instruments
88 Logic - The Essential Guide To Learning Piano,25,0.43,0.5333333333,Musical Instruments
Learn To Play The Guitar In A Day,20,0.11,1.0,Musical Instruments
Guitar Chords and Basic Strumming,20,0.22,2.5,Musical Instruments
こどもギターレッスン　リトルギタリストⅢ（完結編）,20,0.76,1.0,Musical Instruments
Flute Lessons For Beginners,95,0.27,2.5,Musical Instruments
Aprende a improvisar en la guitarra eléctrica,50,0.34,3.0,Musical Instruments
Getting Started on the Acoustic Guitar,20,0.84,1.0,Musical Instruments
Learn Piano Online-Nocturnal Piano Solo,60,0.53,1.5,Musical Instruments
Learn How To Play The Trumpet,75,0.51,1.5,Musical Instruments
こどもギターレッスン　リトルギタリストⅡ,20,0.88,3.5,Musical Instruments
Aprende a tocar las escalas en el acordeón de botones.,20,0.86,1.0,Musical Instruments
The Music Coach Online Spirit Drum Course,95,0.95,5.5,Musical Instruments
Curso de Teclado,40,0.96,1.5,Musical Instruments
improvisación de Guitarra,20,0.74,1.0,Musical Instruments
Learn to Play Tabla - The Indian drums,0,0.78,1.5,Musical Instruments
Ukulele 3:  Intermediate,25,0.11,0.65,Musical Instruments
Guitarra Acústica en Siete Días,20,0.96,2.5,Musical Instruments
Coaching Bundle: Guitar for Music Educators: Part 2,135,0.24,0.5,Musical Instruments
Learn Piano Online-In the Garden Piano Solo,60,0.37,1.0,Musical Instruments
Coaching Bundle: Guitar for Music Educators: Part 1,135,0.04,0.5,Musical Instruments
Ukulele lernen für Papas mit Aram sam sam,55,0.66,0.7,Musical Instruments
Suonare la Chitarra,200,0.15,1.0,Musical Instruments
Learn Loreena McKennitt Songs-Quicklessons Piano Course,20,0.18,0.5666666667,Musical Instruments
ABRSM Grade III Piano Class - Handel Sonatina in G 2017-2018,20,0.34,0.5166666667,Musical Instruments
Learn Vikings Soundtracks on the Piano by Ear,20,0.63,0.5833333333,Musical Instruments
Curso de Didgeridoo nivel principiante,50,0.66,1.0,Musical Instruments
Coaching Course: Rhythm Instruction for Music Educators P1,130,0.66,0.5333333333,Musical Instruments
Tune that Sour Note on Your Piano,20,0.25,0.55,Musical Instruments
"Beginners Guitar Course - 'Try it and love it method""",25,0.51,2.0,Musical Instruments
Learn to Play Sweet Child of Mine,20,0.31,1.5,Musical Instruments
Coaching Course: Rhythm Instruction for Music Educators P2,125,0.06,0.6333333333,Musical Instruments
Learn Pirates of the Caribbean by Ear on the Piano,20,0.08,0.5333333333,Musical Instruments
Learn to Play Piano Like a Pro - Easy Piano Course 1,35,0.78,0.5166666667,Musical Instruments
4 Week Rhythm Mastery,20,0.01,2.5,Musical Instruments
